3 for $10 biscuit : Chocolate Waffle / Wafer / Butterfly Cracker / Cream Cracker / Soda Biscuit etc,https://www.qoo10.sg/item/3-FOR-10-BISCUIT-CHOCOLATE-WAFFLE-WAFER-BUTTERFLY-CRACKER-CREAM/677751713?banner_no=1305330,10
(3x35g) Hello Panda Chocolate Milk Strawberry Biscuit Snacks Chips Snacks Tidbits Crackers Sweets,https://www.qoo10.sg/item/3X35G-HELLO-PANDA-CHOCOLATE-MILK-STRAWBERRY-BISCUIT-SNACKS-CHIPS/677767059?banner_no=1305330,2.19
(12gx24packs) Apollo Wafer Milk Chocolate Cake Biscuit Snacks Chips Snacks Tidbits Crackers,https://www.qoo10.sg/item/12GX24PACKS-APOLLO-WAFER-MILK-CHOCOLATE-CAKE-BISCUIT-SNACKS/677993169?banner_no=1305330,2.99
Coca-Cola,https://www.qoo10.sg/gmkt.inc/Qplay/Qplay.aspx?grid_type=6&&brand_no=27999&brand_nm=Coca-Cola&global_yn=&shipto=SG,10.9
(3packsx28g) Original Chipsmore Chocolate Cookies Biscuit Snacks Chips Snacks Tidbits Crackers Swee,https://www.qoo10.sg/item/3PACKSX28G-ORIGINAL-CHIPSMORE-CHOCOLATE-COOKIES-BISCUIT-SNACKS/678121723?banner_no=1305330,2.99
h and Bake Gluten Free Original Cinnamon Chocolate Biscuits made in Taiwan,https://www.qoo10.sg/item/H-AND-BAKE-H-AND-BAKE-GLUTEN-FREE-ORIGINAL-CINNAMON-CHOCOLATE-BISCUITS-MADE/668915656?banner_no=1305330,5.5
Desobry Belgian Chocolate Biscuits Christmas Gift Pack (Limited Edition) / Imported,https://www.qoo10.sg/item/DESOBRY-BELGIAN-CHOCOLATE-BISCUITS-CHRISTMAS-GIFT-PACK-LIMITED/670740138?banner_no=1305330,11.9
[Winstar] Koala Kids Biscuits with Chocolate Filling 192g (12 packs x 16g per box),https://www.qoo10.sg/item/WINSTAR-KOALA-KIDS-BISCUITS-WITH-CHOCOLATE-FILLING-192G-12-PACKS/521970917?banner_no=1305330,2.5
Juns Hokkaido cookie tile crisp mold transparent plastic mold biscuit mold chocolate mold,https://www.qoo10.sg/item/JUNS-HOKKAIDO-COOKIE-TILE-CRISP-MOLD-TRANSPARENT-PLASTIC-MOLD/643114771?banner_no=1305330,5.9
DIY tile mold inserts transfer mold chocolate almond tile biscuit mold made almond cakes gadget,https://www.qoo10.sg/item/DIY-TILE-MOLD-INSERTS-TRANSFER-MOLD-CHOCOLATE-ALMOND-TILE-BISCUIT/469742056?banner_no=1305330,3.5
Silicone Stick Bottle Ice Cube Tray Strip Chocolate Ice Cylinder Biscuit Mold Baking Tools 1024,https://www.qoo10.sg/item/SILICONE-STICK-BOTTLE-ICE-CUBE-TRAY-STRIP-CHOCOLATE-ICE-CYLINDER/469739169?banner_no=1305330,4.45
Oishi Sponge Crunch Chocolate (120g x 5 Packs) Biscuits,https://www.qoo10.sg/item/OISHI-SPONGE-CRUNCH-CHOCOLATE-120G-X-5-PACKS-BISCUITS/677633866?banner_no=1305330,23.99
Jack N Jill Magic Chocolate Biscuits (15g x 10 Sachets x 10 Packs),https://www.qoo10.sg/item/JACK-N-JILL-MAGIC-CHOCOLATE-BISCUITS-15G-X-10-SACHETS-X-10-PACKS/677376926?banner_no=1305330,18.99
⭐Meiji Yan Yan Stick Biscuits - Tsukebo Chocolate (Double Dip) ⭐,https://www.qoo10.sg/item/MEIJI-YAN-YAN-STICK-BISCUITS-TSUKEBO-CHOCOLATE-DOUBLE-DIP/661834266?banner_no=1305330,13.9
⭐Meiji Yan Yan Creamy Chocolate Dip Biscuits x10 ⭐,https://www.qoo10.sg/item/MEIJI-YAN-YAN-CREAMY-CHOCOLATE-DIP-BISCUITS-X10/661834179?banner_no=1305330,13.9
Chocolate Biscuit Iron On Patch DIY Sewing Crafting Embroidery Decoration,https://www.qoo10.sg/item/CHOCOLATE-BISCUIT-IRON-ON-PATCH-DIY-SEWING-CRAFTING-EMBROIDERY/560920197?banner_no=1305330,2.95
Almondina Choconut Almond and Chocolate Biscuits 4 oz (113 g),https://www.qoo10.sg/item/ALMONDINA-CHOCONUT-ALMOND-AND-CHOCOLATE-BISCUITS-4-OZ-113-G/538712912?banner_no=1305330,14
Silicone Tree Bark Shape Fondant Cake Mold Pastry Biscuits Chocolate Mold Cookies Candy Ice Cube Cla,https://www.qoo10.sg/item/SILICONE-TREE-BARK-SHAPE-FONDANT-CAKE-MOLD-PASTRY-BISCUITS-CHOCOLATE/678641376?banner_no=1305330,16.72
Creative Wooden Pumpkin Pie Biscuit Chocolate Mold Bake Molding Handmade Moon Cake Mould DIY Pastry,https://www.qoo10.sg/item/CREATIVE-WOODEN-PUMPKIN-PIE-BISCUIT-CHOCOLATE-MOLD-BAKE-MOLDING/678639382?banner_no=1305330,15.46
DIY Wooden Moon Cake Mold Fish Shaped Kitchen Biscuit Chocolate Candy Mold Pastry Baking Mold For Ki,https://www.qoo10.sg/item/DIY-WOODEN-MOON-CAKE-MOLD-FISH-SHAPED-KITCHEN-BISCUIT-CHOCOLATE/678639252?banner_no=1305330,22.22
Baking Tool Silica Gel Cake Mould Diy Chocolates Mould Jelly Biscuits 26 Even Mould,https://www.qoo10.sg/item/BAKING-TOOL-SILICA-GEL-CAKE-MOULD-DIY-CHOCOLATES-MOULD-JELLY/678566738?banner_no=1305330,18
Non Toxic Chocolate Mold Easy Cleaning Baking Accessories Biscuits Cake Mould Silicone Kitchen Gadge,https://www.qoo10.sg/item/NON-TOXIC-CHOCOLATE-MOLD-EASY-CLEANING-BAKING-ACCESSORIES-BISCUITS/678266778?banner_no=1305330,13.18
New Birthday Day Celebration Party cake Set cutting Chocolate Biscuits Lollipop Fun kid role play,https://www.qoo10.sg/item/NEW-BIRTHDAY-DAY-CELEBRATION-PARTY-CAKE-SET-CUTTING-CHOCOLATE/678059513?banner_no=1305330,7.9
Apollo Stick Chocolate Wafer Cream Biscuit 30PCS,https://www.qoo10.sg/item/APOLLO-STICK-CHOCOLATE-WAFER-CREAM-BISCUIT-30PCS/678003513?banner_no=1305330,2.46
ORI Chocolate Milk Sandwich Biscuits 630g,https://www.qoo10.sg/item/ORI-CHOCOLATE-MILK-SANDWICH-BISCUITS-630G/677462039?banner_no=1305330,8.5
ORI Breakfast Chocolate Biscuits 440g,https://www.qoo10.sg/item/ORI-BREAKFAST-CHOCOLATE-BISCUITS-440G/677461606?banner_no=1305330,8.5
Yan Yan Biscuit Sticks (Chocolate/Strawberry/Milk) : 1 carton of 10 cups [Wholesale],https://www.qoo10.sg/item/YAN-YAN-BISCUIT-STICKS-CHOCOLATE-STRAWBERRY-MILK-1-CARTON-OF/675114905?banner_no=1305330,17
Pocky Biscuit Sticks (Chocolate/Strawberry) : 1 carton of 10 boxes [Wholesale],https://www.qoo10.sg/item/POCKY-BISCUIT-STICKS-CHOCOLATE-STRAWBERRY-1-CARTON-OF-10-BOXES/675114895?banner_no=1305330,18
Collon Biscuit Roll (Chocolate/Strawberry/Cream) : 1 carton of 10 boxes [Wholesale],https://www.qoo10.sg/item/COLLON-BISCUIT-ROLL-CHOCOLATE-STRAWBERRY-CREAM-1-CARTON-OF-10/675114893?banner_no=1305330,18
Star Lollipop packaging bag baking diy biscuit chocolate plastic bag lollipop wrapping paper Transpa,https://www.qoo10.sg/item/STAR-LOLLIPOP-PACKAGING-BAG-BAKING-DIY-BISCUIT-CHOCOLATE-PLASTIC/665992796?banner_no=1305330,5.4
New squishy expression chocolate sandwich biscuit slow rebound cute simulation of soft food children,https://www.qoo10.sg/item/NEW-SQUISHY-EXPRESSION-CHOCOLATE-SANDWICH-BISCUIT-SLOW-REBOUND/665499982?banner_no=1305330,12.4
PLAYLIMIT letter digital silicone mold diy baking mold silicone digital cake mold chocolate biscuit,https://www.qoo10.sg/item/PLAYLIMIT-LETTER-DIGITAL-SILICONE-MOLD-DIY-BAKING-MOLD-SILICONE/665488519?banner_no=1305330,18.2
Silicone Stick Bottle Ice Cube Tray Strip Chocolate Ice Cylinder Biscuit Mold Baking Tools 1024,https://www.qoo10.sg/item/SILICONE-STICK-BOTTLE-ICE-CUBE-TRAY-STRIP-CHOCOLATE-ICE-CYLINDER/664206769?banner_no=1305330,3.28
Cute Duck Silicone Mold DIY Chocolate Ice Biscuit Candy Moulds,https://www.qoo10.sg/item/CUTE-DUCK-SILICONE-MOLD-DIY-CHOCOLATE-ICE-BISCUIT-CANDY-MOULDS/661123736?banner_no=1305330,7.8
New squishy expression chocolate sandwich biscuit slow rebound cute simulation of soft food children,https://www.qoo10.sg/item/NEW-SQUISHY-EXPRESSION-CHOCOLATE-SANDWICH-BISCUIT-SLOW-REBOUND/657864490?banner_no=1305330,9.24
3D Dragonfly Silicone Fondant Chocolate Biscuit Mold DIY Cake Decorating Tool Border Baking Sugarcra,https://www.qoo10.sg/item/3D-DRAGONFLY-SILICONE-FONDANT-CHOCOLATE-BISCUIT-MOLD-DIY-CAKE/656280107?banner_no=1305330,14
New 20 grids cookies biscuit chocolate cake mould pudding baking pan silicone mold,https://www.qoo10.sg/item/NEW-20-GRIDS-COOKIES-BISCUIT-CHOCOLATE-CAKE-MOULD-PUDDING-BAKING/655441227?banner_no=1305330,15.5
Star Lollipop packaging bag baking diy biscuit chocolate plastic bag lollipop wrapping paper Transpa,https://www.qoo10.sg/item/STAR-LOLLIPOP-PACKAGING-BAG-BAKING-DIY-BISCUIT-CHOCOLATE-PLASTIC/655020857?banner_no=1305330,4.78
1 Pc Food Grade Silicone Bakeware Cookie Finger Biscuit Chocolate Mold Jelly/Pudding Mold Baking & P,https://www.qoo10.sg/item/1-PC-FOOD-GRADE-SILICONE-BAKEWARE-COOKIE-FINGER-BISCUIT-CHOCOLATE/653915138?banner_no=1305330,17.62
Silicone Stick Bottle Ice Cube Tray Strip Chocolate Ice Cylinder Biscuit Mold Baking Tools 1024,https://www.qoo10.sg/item/SILICONE-STICK-BOTTLE-ICE-CUBE-TRAY-STRIP-CHOCOLATE-ICE-CYLINDER/653126610?banner_no=1305330,4.78
Cartoon Vehicles Plastic Cookies Mould Handmade Biscuit Chocolate Mould Kitchen DIY Fondant Cake Dec,https://www.qoo10.sg/item/CARTOON-VEHICLES-PLASTIC-COOKIES-MOULD-HANDMADE-BISCUIT-CHOCOLATE/650513240?banner_no=1305330,9.84
Plastic Bow Cake Chocolate Cutter Decor Mold Icing Cookie Biscuit Embosser Fondant Cookie Plunger Su,https://www.qoo10.sg/item/PLASTIC-BOW-CAKE-CHOCOLATE-CUTTER-DECOR-MOLD-ICING-COOKIE-BISCUIT/648467194?banner_no=1305330,9.76
Plastic 8Pcs/Set Ocean Animals Cookies Mold Handmade Biscuit Chocolate Baking Mould DIY Fondant Cake,https://www.qoo10.sg/item/PLASTIC-8PCS-SET-OCEAN-ANIMALS-COOKIES-MOLD-HANDMADE-BISCUIT/648464358?banner_no=1305330,9.64
4 cavities oval lace circle shape silicone chocolate chips biscuit molds for DIY fondant cake decora,https://www.qoo10.sg/item/4-CAVITIES-OVAL-LACE-CIRCLE-SHAPE-SILICONE-CHOCOLATE-CHIPS-BISCUIT/648456358?banner_no=1305330,13.74
Silicone Stick Bottle Ice Cube Tray Strip Chocolate Ice Cylinder Biscuit Mold Baking Tools 1024,https://www.qoo10.sg/item/SILICONE-STICK-BOTTLE-ICE-CUBE-TRAY-STRIP-CHOCOLATE-ICE-CYLINDER/648391709?banner_no=1305330,5.78
Cookie mold baking gadgets creative cartoon dinosaur plastic chocolate biscuits baking tool kit,https://www.qoo10.sg/item/COOKIE-MOLD-BAKING-GADGETS-CREATIVE-CARTOON-DINOSAUR-PLASTIC/647782798?banner_no=1305330,23.01
Extra large baked biscuit bag toast bread cake candy chocolate rabbit ear snack bags of 50 pieces,https://www.qoo10.sg/item/EXTRA-LARGE-BAKED-BISCUIT-BAG-TOAST-BREAD-CAKE-CANDY-CHOCOLATE/647772850?banner_no=1305330,10.29
Bakery can be twisted flower chocolate pen diy biscuit cake West point decoration midpoint painting,https://www.qoo10.sg/item/BAKERY-CAN-BE-TWISTED-FLOWER-CHOCOLATE-PEN-DIY-BISCUIT-CAKE-WEST/647760956?banner_no=1305330,6.7
Little Guy Shaped Silicone Biscuit Chocolate Mold Tray (Coffee),https://www.qoo10.sg/item/LITTLE-GUY-SHAPED-SILICONE-BISCUIT-CHOCOLATE-MOLD-TRAY-COFFEE/647625778?banner_no=1305330,14.39
Heart Shaped Silicone Biscuit Chocolate Mold Tray (Coffee),https://www.qoo10.sg/item/HEART-SHAPED-SILICONE-BISCUIT-CHOCOLATE-MOLD-TRAY-COFFEE/647621870?banner_no=1305330,15.29
Santa Claus Shaped Silicone Biscuit Chocolate Mold Tray (Coffee),https://www.qoo10.sg/item/SANTA-CLAUS-SHAPED-SILICONE-BISCUIT-CHOCOLATE-MOLD-TRAY-COFFEE/647620529?banner_no=1305330,17.09
Silicone Biscuit Chocolate Mold Tray (Coffee),https://www.qoo10.sg/item/SILICONE-BISCUIT-CHOCOLATE-MOLD-TRAY-COFFEE/647620278?banner_no=1305330,14.39
DIY tile mold inserts transfer mold chocolate almond tile biscuit mold made almond cakes gadget,https://www.qoo10.sg/item/DIY-TILE-MOLD-INSERTS-TRANSFER-MOLD-CHOCOLATE-ALMOND-TILE-BISCUIT/643694509?banner_no=1305330,4.74
1 PCS Silicone Chocolate Mold Biscuit Mold 3D Tulip Shape Cake Decorating Tools Silicone Fondant Kit,https://www.qoo10.sg/item/1-PCS-SILICONE-CHOCOLATE-MOLD-BISCUIT-MOLD-3D-TULIP-SHAPE-CAKE/643386535?banner_no=1305330,5.18
3pcs Cake Pen Nozzles Set Cupcake Biscuit Drawing Chocolate Muffin Decorating Tool Icing Piping Crea,https://www.qoo10.sg/item/3PCS-CAKE-PEN-NOZZLES-SET-CUPCAKE-BISCUIT-DRAWING-CHOCOLATE-MUFFIN/643385557?banner_no=1305330,7.76
[ Halal certified ] Glico Pocky Chocolate Biscuit Stick 40g,https://www.qoo10.sg/item/HALAL-CERTIFIED-GLICO-POCKY-CHOCOLATE-BISCUIT-STICK-40G/643254413?banner_no=1305330,12.59
[ Halal certified ] Tesco Chocolate Chip Digestive Biscuits 400g,https://www.qoo10.sg/item/HALAL-CERTIFIED-TESCO-CHOCOLATE-CHIP-DIGESTIVE-BISCUITS-400G/643254128?banner_no=1305330,13.68
[ Halal certified ] Belvita Honey & Chocolate Flavoured Breakfast Biscuit (8 x 20g) 160g,https://www.qoo10.sg/item/HALAL-CERTIFIED-BELVITA-HONEY-CHOCOLATE-FLAVOURED-BREAKFAST/643254003?banner_no=1305330,13.62
[ Halal certified ] Lotte Pepero Almond & Chocolate Stick Biscuit 8 x 32g (256g),https://www.qoo10.sg/item/HALAL-CERTIFIED-LOTTE-PEPERO-ALMOND-CHOCOLATE-STICK-BISCUIT/643253968?banner_no=1305330,22.77
3pcs Finger biscuit mold DIY handmade chocolate finger mold silicone abrasive,https://www.qoo10.sg/item/3PCS-FINGER-BISCUIT-MOLD-DIY-HANDMADE-CHOCOLATE-FINGER-MOLD-SILICONE/643231032?banner_no=1305330,7.9
[ Halal certified ] Van Souter Milk Chocolate Butter Biscuits 125g [Halal Certification],https://www.qoo10.sg/item/HALAL-CERTIFIED-VAN-SOUTER-MILK-CHOCOLATE-BUTTER-BISCUITS-125G/643222949?banner_no=1305330,13.96
[ Halal certified ] Oreo Mini Chocolate Flavoured Cream Biscuits 67g [Halal Certification],https://www.qoo10.sg/item/HALAL-CERTIFIED-OREO-MINI-CHOCOLATE-FLAVOURED-CREAM-BISCUITS/643222931?banner_no=1305330,13.64
[ Halal certified ] Van Souter Dark Chocolate Butter Biscuits 125g [Halal Certification],https://www.qoo10.sg/item/HALAL-CERTIFIED-VAN-SOUTER-DARK-CHOCOLATE-BUTTER-BISCUITS-125G/643222908?banner_no=1305330,14.02
[ Halal certified ] Tenten Daiki O Bear Chocolate Cream Filled Biscuit 160g [Halal Certification],https://www.qoo10.sg/item/HALAL-CERTIFIED-TENTEN-DAIKI-O-BEAR-CHOCOLATE-CREAM-FILLED-BISCUIT/643222904?banner_no=1305330,13.87
[ Halal certified ] Glico Pejoy Chocolate Flavour Biscuit Stick 39g [Halal Certification],https://www.qoo10.sg/item/HALAL-CERTIFIED-GLICO-PEJOY-CHOCOLATE-FLAVOUR-BISCUIT-STICK/643222899?banner_no=1305330,12.72
[ Halal certified ] Lotte Pepero White Chocolate Stick Biscuit 8 x 32g (256g) [Halal Certification],https://www.qoo10.sg/item/HALAL-CERTIFIED-LOTTE-PEPERO-WHITE-CHOCOLATE-STICK-BISCUIT-8/643222844?banner_no=1305330,27.52
[ Halal certified ] Zess Vanilla Chocolate Sandwich Biscuits 127.4g [Halal Certification],https://www.qoo10.sg/item/HALAL-CERTIFIED-ZESS-VANILLA-CHOCOLATE-SANDWICH-BISCUITS-127/643222832?banner_no=1305330,13.06
[ Halal certified ] Le Natura Wholesome Fibre Biscuits Chocolate 10 x 17g (170g) [Halal Certificati,https://www.qoo10.sg/item/HALAL-CERTIFIED-LE-NATURA-WHOLESOME-FIBRE-BISCUITS-CHOCOLATE/643222810?banner_no=1305330,14.74
[ Halal certified ] Lotte Pepero Almond & Chocolate Stick Biscuit 8 x 32g (256g) [Halal Certificatio,https://www.qoo10.sg/item/HALAL-CERTIFIED-LOTTE-PEPERO-ALMOND-CHOCOLATE-STICK-BISCUIT/643222777?banner_no=1305330,27.52
[ Halal certified ] Zess Chocolate Sandwich Biscuits 127.4g [Halal Certification],https://www.qoo10.sg/item/HALAL-CERTIFIED-ZESS-CHOCOLATE-SANDWICH-BISCUITS-127-4G-HALAL/643222752?banner_no=1305330,13.06
[ Halal certified ] Glico Pocky Chocolate Biscuit Stick 40g [Halal Certification],https://www.qoo10.sg/item/HALAL-CERTIFIED-GLICO-POCKY-CHOCOLATE-BISCUIT-STICK-40G-HALAL/643222734?banner_no=1305330,12.59
[ Halal certified ] Belvita Honey & Chocolate Flavoured Breakfast Biscuit (8 x 20g) 160g [Halal Cert,https://www.qoo10.sg/item/HALAL-CERTIFIED-BELVITA-HONEY-CHOCOLATE-FLAVOURED-BREAKFAST/643222723?banner_no=1305330,13.21
[ Halal certified ] Tesco Milk Chocolate Oaties Biscuits 300g [Halal Certification],https://www.qoo10.sg/item/HALAL-CERTIFIED-TESCO-MILK-CHOCOLATE-OATIES-BISCUITS-300G-HALAL/643222714?banner_no=1305330,13.2
[ Halal certified ] Cap Ping Pong Teddy Chocolate Biscuits 120g [Halal Certification],https://www.qoo10.sg/item/HALAL-CERTIFIED-CAP-PING-PONG-TEDDY-CHOCOLATE-BISCUITS-120G/643222668?banner_no=1305330,12.57
[ Halal certified ] Tesco Chocolate Chip Digestive Biscuits 400g [Halal Certification],https://www.qoo10.sg/item/HALAL-CERTIFIED-TESCO-CHOCOLATE-CHIP-DIGESTIVE-BISCUITS-400G/643222627?banner_no=1305330,13.68
[ Halal certified ] Glico Pocky Double Chocolate Biscuit Stick 39g [Halal Certification],https://www.qoo10.sg/item/HALAL-CERTIFIED-GLICO-POCKY-DOUBLE-CHOCOLATE-BISCUIT-STICK-39G/643222611?banner_no=1305330,12.59
[ Halal certified ] Tiger Chocolate Flavoured Biscuit 180g [Halal Certification],https://www.qoo10.sg/item/HALAL-CERTIFIED-TIGER-CHOCOLATE-FLAVOURED-BISCUIT-180G-HALAL/643222566?banner_no=1305330,12.63
[ Halal certified ] Mamee Monster Biskidz Chocolate Flavoured Biscuits Mini Packs (8 x 21g) 168g [Ha,https://www.qoo10.sg/item/HALAL-CERTIFIED-MAMEE-MONSTER-BISKIDZ-CHOCOLATE-FLAVOURED-BISCUITS/643222515?banner_no=1305330,12.98
[ Halal certified ] Munchy s Lexus Chocolate Cream Choco Coated Cream Biscuit 200g [Halal Certificat,https://www.qoo10.sg/item/HALAL-CERTIFIED-MUNCHY-S-LEXUS-CHOCOLATE-CREAM-CHOCO-COATED/643222397?banner_no=1305330,13.25
[ Halal certified ] Tesco Milk Chocolate Malted Milk Biscuits 250g [Halal Certification],https://www.qoo10.sg/item/HALAL-CERTIFIED-TESCO-MILK-CHOCOLATE-MALTED-MILK-BISCUITS-250G/643222369?banner_no=1305330,13.89
[ Halal certified ] Tesco Milk Chocolate Digestive Biscuits 300g [Halal Certification],https://www.qoo10.sg/item/HALAL-CERTIFIED-TESCO-MILK-CHOCOLATE-DIGESTIVE-BISCUITS-300G/643222341?banner_no=1305330,13.68
[ Halal certified ] Heinz Chocolate Biscotti 7+ Months 12 Finger Biscuits 60g [Halal Certification],https://www.qoo10.sg/item/HALAL-CERTIFIED-HEINZ-CHOCOLATE-BISCOTTI-7-MONTHS-12-FINGER/643222249?banner_no=1305330,13.74
Decor 16 Cute Duck Silicone Mold DIY Chocolate Ice Biscuit Candy Moulds,https://www.qoo10.sg/item/DECOR-16-CUTE-DUCK-SILICONE-MOLD-DIY-CHOCOLATE-ICE-BISCUIT-CANDY/642942016?banner_no=1305330,9.42
9 cavities rectangle lace shape silicone chocolate chips biscuit molds for fondant decoration cake d,https://www.qoo10.sg/item/9-CAVITIES-RECTANGLE-LACE-SHAPE-SILICONE-CHOCOLATE-CHIPS-BISCUIT/642835813?banner_no=1305330,13.74
Flowers Flamingos Cookies Mold Plastic Biscuit Chocolate Mould DIY Fondant Cake Decorating Tools Kit,https://www.qoo10.sg/item/FLOWERS-FLAMINGOS-COOKIES-MOLD-PLASTIC-BISCUIT-CHOCOLATE-MOULD/642832344?banner_no=1305330,9.06
Latest 12 cavities trigon shape formas de silicone chocolate biscuit mold candy fondant mould baking,https://www.qoo10.sg/item/LATEST-12-CAVITIES-TRIGON-SHAPE-FORMAS-DE-SILICONE-CHOCOLATE/642831482?banner_no=1305330,13.74
8 cavities trigon with points silicone chocolate chips biscuit flakes mold candy sugar craft mouldin,https://www.qoo10.sg/item/8-CAVITIES-TRIGON-WITH-POINTS-SILICONE-CHOCOLATE-CHIPS-BISCUIT/642814237?banner_no=1305330,13.74
6 Cavities Silicone Cake Baking Pan， Square Soap Mold， Biscuit Chocolate Ice Cube Tray,https://www.qoo10.sg/item/6-CAVITIES-SILICONE-CAKE-BAKING-PAN%ef%bc%8c-SQUARE-SOAP-MOLD%ef%bc%8c-BISCUIT/642811400?banner_no=1305330,9.96
French Phnom Penh windowed macaron box biscuits nougat chocolate box,https://www.qoo10.sg/item/FRENCH-PHNOM-PENH-WINDOWED-MACARON-BOX-BISCUITS-NOUGAT-CHOCOLATE/642777648?banner_no=1305330,4.9
2 cavities Poker 10 J Q K A shape silicone chocolate biscuit flakes mold candy fondant mould cake ki,https://www.qoo10.sg/item/2-CAVITIES-POKER-10-J-Q-K-A-SHAPE-SILICONE-CHOCOLATE-BISCUIT/642764206?banner_no=1305330,13.74
Food Silicone Spoon Shaped Chocolate Mould Cake Tools Biscuit Candy Jelly Mold Y #0620,https://www.qoo10.sg/item/FOOD-SILICONE-SPOON-SHAPED-CHOCOLATE-MOULD-CAKE-TOOLS-BISCUIT/642635657?banner_no=1305330,4.26
8PCS Cartoon Animals Cookies Mold Handmade Biscuit Chocolate Plastic Mould Kitchen Gadgets DIY Fonda,https://www.qoo10.sg/item/8PCS-CARTOON-ANIMALS-COOKIES-MOLD-HANDMADE-BISCUIT-CHOCOLATE/642635398?banner_no=1305330,9.78
37x22cm Plastic Cookies Mold Cutter Biscuit Chocolate Mould Embosser Stamps Bakeware Kitchen DIY Bak,https://www.qoo10.sg/item/37X22CM-PLASTIC-COOKIES-MOLD-CUTTER-BISCUIT-CHOCOLATE-MOULD-EMBOSSER/642634123?banner_no=1305330,8.86
Dog Shape Chocolate Silicone Mold Cookie Biscuits Molds Candy Soap Ice Cubes Mould DIY Fondant Cake,https://www.qoo10.sg/item/DOG-SHAPE-CHOCOLATE-SILICONE-MOLD-COOKIE-BISCUITS-MOLDS-CANDY/642633785?banner_no=1305330,4.22
Nice 16 Cute Duck Silicone Mold DIY Chocolate Ice Biscuit Candy Moulds,https://www.qoo10.sg/item/NICE-16-CUTE-DUCK-SILICONE-MOLD-DIY-CHOCOLATE-ICE-BISCUIT-CANDY/642633445?banner_no=1305330,9.06
Wooden 4 Flower Muffin Mooncake Handmade Soap Mold Biscuit Chocolate Mould DIY #20/8,https://www.qoo10.sg/item/WOODEN-4-FLOWER-MUFFIN-MOONCAKE-HANDMADE-SOAP-MOLD-BISCUIT-CHOCOLATE/642632980?banner_no=1305330,17.08
Wholesale /retail，Silicone 16 Handmade soap chocolate biscuit mold， free shipping,https://www.qoo10.sg/item/WHOLESALE-RETAIL%ef%bc%8cSILICONE-16-HANDMADE-SOAP-CHOCOLATE-BISCUIT/642613232?banner_no=1305330,16
Stainless Steel Christmas Trees Series Cookie Cake Biscuit Cutters Chocolate Soap Mold Baking Tool 3,https://www.qoo10.sg/item/STAINLESS-STEEL-CHRISTMAS-TREES-SERIES-COOKIE-CAKE-BISCUIT-CUTTERS/642541743?banner_no=1305330,10.5
5Pcs/Pack 3D Cake Cookie Cutters Chocolate Biscuit Cute Mouse Shape Vegetable Fruit Metal Mold Tools,https://www.qoo10.sg/item/5PCS-PACK-3D-CAKE-COOKIE-CUTTERS-CHOCOLATE-BISCUIT-CUTE-MOUSE/642541347?banner_no=1305330,5.16
12Pcs/Pack Cake Cookie Cutters Chocolate Biscuit Vegetable Fruit Alloy Mold For Baking Cake Decorati,https://www.qoo10.sg/item/12PCS-PACK-CAKE-COOKIE-CUTTERS-CHOCOLATE-BISCUIT-VEGETABLE-FRUIT/642540873?banner_no=1305330,12.68
Dog Shape Chocolate Silicone Mold Cookie Biscuits Molds Candy Soap Ice Cubes Mould DIY Fondant Cake,https://www.qoo10.sg/item/DOG-SHAPE-CHOCOLATE-SILICONE-MOLD-COOKIE-BISCUITS-MOLDS-CANDY/636453797?banner_no=1305330,4.22
5Pcs/Pack 3D Cake Cookie Cutters Chocolate Biscuit Cute Mouse Shape Vegetable Fruit Metal Mold Tools,https://www.qoo10.sg/item/5PCS-PACK-3D-CAKE-COOKIE-CUTTERS-CHOCOLATE-BISCUIT-CUTE-MOUSE/636213332?banner_no=1305330,5.16
Decor 16 Cute Duck Silicone Mold DIY Chocolate Ice Biscuit Candy Moulds,https://www.qoo10.sg/item/DECOR-16-CUTE-DUCK-SILICONE-MOLD-DIY-CHOCOLATE-ICE-BISCUIT-CANDY/636212940?banner_no=1305330,9.42
Stainless Steel Christmas Trees Series Cookie Cake Biscuit Cutters Chocolate Soap Mold Baking Tool 3,https://www.qoo10.sg/item/STAINLESS-STEEL-CHRISTMAS-TREES-SERIES-COOKIE-CAKE-BISCUIT-CUTTERS/636153461?banner_no=1305330,10.5
Nice 16 Cute Duck Silicone Mold DIY Chocolate Ice Biscuit Candy Moulds,https://www.qoo10.sg/item/NICE-16-CUTE-DUCK-SILICONE-MOLD-DIY-CHOCOLATE-ICE-BISCUIT-CANDY/636153249?banner_no=1305330,9.06
12Pcs/Pack Cake Cookie Cutters Chocolate Biscuit Vegetable Fruit Alloy Mold For Baking Cake Decorati,https://www.qoo10.sg/item/12PCS-PACK-CAKE-COOKIE-CUTTERS-CHOCOLATE-BISCUIT-VEGETABLE-FRUIT/636145790?banner_no=1305330,12.68
3pcs/set Fuchsia Flower Shape Chocolate Cookie Cutters Candy Biscuit Jelly Baking Tool Fondant Stain,https://www.qoo10.sg/item/3PCS-SET-FUCHSIA-FLOWER-SHAPE-CHOCOLATE-COOKIE-CUTTERS-CANDY/635196591?banner_no=1305330,5.56
Newest 9 cavities gridding shape formas de silicone chocolate biscuit mold candy fondant molds for D,https://www.qoo10.sg/item/NEWEST-9-CAVITIES-GRIDDING-SHAPE-FORMAS-DE-SILICONE-CHOCOLATE/635195957?banner_no=1305330,13.74
4 cavities peach shape silicone chocolate chips biscuit molds for fondant decoration cortadores para,https://www.qoo10.sg/item/4-CAVITIES-PEACH-SHAPE-SILICONE-CHOCOLATE-CHIPS-BISCUIT-MOLDS/635194289?banner_no=1305330,13.74
37x22cm Plastic Cookies Mold Cutter Biscuit Chocolate Mould Embosser Stamps Bakeware Kitchen DIY Bak,https://www.qoo10.sg/item/37X22CM-PLASTIC-COOKIES-MOLD-CUTTER-BISCUIT-CHOCOLATE-MOULD-EMBOSSER/635193338?banner_no=1305330,8.86
Wholesale /retail，Silicone 16 Handmade soap chocolate biscuit mold， free shipping,https://www.qoo10.sg/item/WHOLESALE-RETAIL%ef%bc%8cSILICONE-16-HANDMADE-SOAP-CHOCOLATE-BISCUIT/635193314?banner_no=1305330,16
Latest 12 cavities trigon shape formas de silicone chocolate biscuit mold candy fondant mould baking,https://www.qoo10.sg/item/LATEST-12-CAVITIES-TRIGON-SHAPE-FORMAS-DE-SILICONE-CHOCOLATE/635191799?banner_no=1305330,13.74
1 PCS Silicone Chocolate Mold Biscuit Mold 3D Tulip Shape Cake Decorating Tools Silicone Fondant Kit,https://www.qoo10.sg/item/1-PCS-SILICONE-CHOCOLATE-MOLD-BISCUIT-MOLD-3D-TULIP-SHAPE-CAKE/635190916?banner_no=1305330,5.18
8PCS Cartoon Animals Cookies Mold Handmade Biscuit Chocolate Plastic Mould Kitchen Gadgets DIY Fonda,https://www.qoo10.sg/item/8PCS-CARTOON-ANIMALS-COOKIES-MOLD-HANDMADE-BISCUIT-CHOCOLATE/635190729?banner_no=1305330,9.78
2 cavities Poker 10 J Q K A shape silicone chocolate biscuit flakes mold candy fondant mould cake ki,https://www.qoo10.sg/item/2-CAVITIES-POKER-10-J-Q-K-A-SHAPE-SILICONE-CHOCOLATE-BISCUIT/634993404?banner_no=1305330,13.74
Wooden 4 Flower Muffin Mooncake Handmade Soap Mold Biscuit Chocolate Mould DIY #20/8,https://www.qoo10.sg/item/WOODEN-4-FLOWER-MUFFIN-MOONCAKE-HANDMADE-SOAP-MOLD-BISCUIT-CHOCOLATE/634993108?banner_no=1305330,17.08
9 cavities rectangle lace shape silicone chocolate chips biscuit molds for fondant decoration cake d,https://www.qoo10.sg/item/9-CAVITIES-RECTANGLE-LACE-SHAPE-SILICONE-CHOCOLATE-CHIPS-BISCUIT/634992751?banner_no=1305330,13.74
Flowers Flamingos Cookies Mold Plastic Biscuit Chocolate Mould DIY Fondant Cake Decorating Tools Kit,https://www.qoo10.sg/item/FLOWERS-FLAMINGOS-COOKIES-MOLD-PLASTIC-BISCUIT-CHOCOLATE-MOULD/634992141?banner_no=1305330,9.06
Food Silicone Spoon Shaped Chocolate Mould Cake Tools Biscuit Candy Jelly Mold Y #0620,https://www.qoo10.sg/item/FOOD-SILICONE-SPOON-SHAPED-CHOCOLATE-MOULD-CAKE-TOOLS-BISCUIT/634991526?banner_no=1305330,4.26
8 cavities trigon with points silicone chocolate chips biscuit flakes mold candy sugar craft mouldin,https://www.qoo10.sg/item/8-CAVITIES-TRIGON-WITH-POINTS-SILICONE-CHOCOLATE-CHIPS-BISCUIT/634990313?banner_no=1305330,13.74
New 7 cavities Spiral stick candle shape silicone chocolate chips biscuit pudding molds for DIY cake,https://www.qoo10.sg/item/NEW-7-CAVITIES-SPIRAL-STICK-CANDLE-SHAPE-SILICONE-CHOCOLATE-CHIPS/634965533?banner_no=1305330,13.74
55 Lattices Heart Chocolate Molds Ice Cube Tray Biscuit Candy Mold DIY Silicone Mold New,https://www.qoo10.sg/item/55-LATTICES-HEART-CHOCOLATE-MOLDS-ICE-CUBE-TRAY-BISCUIT-CANDY/634959511?banner_no=1305330,4
Wooden 4 Flower Muffin Mooncake Handmade Soap Mold Biscuit Chocolate Mould DIY,https://www.qoo10.sg/item/WOODEN-4-FLOWER-MUFFIN-MOONCAKE-HANDMADE-SOAP-MOLD-BISCUIT-CHOCOLATE/634958475?banner_no=1305330,21.64
12pcs Stainless Steel Cake Cookie Biscuits Chocolate Candy Molds Round Heart Stars Flower Shape For,https://www.qoo10.sg/item/12PCS-STAINLESS-STEEL-CAKE-COOKIE-BISCUITS-CHOCOLATE-CANDY-MOLDS/633768943?banner_no=1305330,8.26
DoreenBeads 3 Buttons Pattern Silicone Cake Mould Chocolate Biscuit Cupcake Mold Fondant Cake Decora,https://www.qoo10.sg/item/DOREENBEADS-3-BUTTONS-PATTERN-SILICONE-CAKE-MOULD-CHOCOLATE-BISCUIT/633767674?banner_no=1305330,4.92
6 Cavities Silicone Doughnut Biscuit Molds Cake Chocolate Pudding Mould Mold,https://www.qoo10.sg/item/6-CAVITIES-SILICONE-DOUGHNUT-BISCUIT-MOLDS-CAKE-CHOCOLATE-PUDDING/633755948?banner_no=1305330,10.1
Button Shape Silicone Mold Jelly Biscuits Chocolate Mould DIY Baking Cake Decorating Tools Kitchen,https://www.qoo10.sg/item/BUTTON-SHAPE-SILICONE-MOLD-JELLY-BISCUITS-CHOCOLATE-MOULD-DIY/633681588?banner_no=1305330,3.68
Bitcoin Design Silicone Ice Mold Mold Tray DIY Chocolate Cookies Biscuit Baking Mold Ice Mold Maker,https://www.qoo10.sg/item/BITCOIN-DESIGN-SILICONE-ICE-MOLD-MOLD-TRAY-DIY-CHOCOLATE-COOKIES/633638019?banner_no=1305330,4.69
1pcs Bear claw Shape Cookie Chocolate Cutters Biscuit Fondant Plunger Cutter Mold Baking Moulds TSLM,https://www.qoo10.sg/item/1PCS-BEAR-CLAW-SHAPE-COOKIE-CHOCOLATE-CUTTERS-BISCUIT-FONDANT/633214399?banner_no=1305330,29.25
Flowers Silicone Muffin Cups Soap Mold Biscuit Chocolate Ice Cake Baking Mold,https://www.qoo10.sg/item/FLOWERS-SILICONE-MUFFIN-CUPS-SOAP-MOLD-BISCUIT-CHOCOLATE-ICE/633105541?banner_no=1305330,7.38
Silicone Heart Shape Chocolate Mold Candy Biscuit Cookies Cake Baking Mould,https://www.qoo10.sg/item/SILICONE-HEART-SHAPE-CHOCOLATE-MOLD-CANDY-BISCUIT-COOKIES-CAKE/633102467?banner_no=1305330,3
Delidge 1 pc 5 Star Fondant Biscuits Molds 3D Silicone Molds Chocolate Cookies Mould Cake Decorating,https://www.qoo10.sg/item/DELIDGE-1-PC-5-STAR-FONDANT-BISCUITS-MOLDS-3D-SILICONE-MOLDS/633069202?banner_no=1305330,10.34
Button Shape Silicone Mold Jelly Biscuits Chocolate Mould DIY Baking Cake Decorating Tools Kitchen,https://www.qoo10.sg/item/BUTTON-SHAPE-SILICONE-MOLD-JELLY-BISCUITS-CHOCOLATE-MOULD-DIY/633068671?banner_no=1305330,21.06
English uppercase shapes silicone chocolate / ice jelly / biscuits mold cake decoration tool，kitch,https://www.qoo10.sg/item/ENGLISH-UPPERCASE-SHAPES-SILICONE-CHOCOLATE-ICE-JELLY-BISCUITS/632893652?banner_no=1305330,15.12
Delidge 1 pc 3D Triangle dot silicone Chocolate Molds Biscuits Chocolate Cookies Fondant Mould DIY,https://www.qoo10.sg/item/DELIDGE-1-PC-3D-TRIANGLE-DOT-SILICONE-CHOCOLATE-MOLDS-BISCUITS/632718264?banner_no=1305330,9.34
Delidge 1 pc Love Fondant Biscuits Chocolate Cookies Molds 3D Silicone Molds DIY Cake Decorating Bak,https://www.qoo10.sg/item/DELIDGE-1-PC-LOVE-FONDANT-BISCUITS-CHOCOLATE-COOKIES-MOLDS-3D/632717119?banner_no=1305330,10.92
Hoomall DIY Plastic Desserts Donuts Mold Coffee Cake Biscuit Chocolate Mold Kitchen Baking Tool For,https://www.qoo10.sg/item/HOOMALL-DIY-PLASTIC-DESSERTS-DONUTS-MOLD-COFFEE-CAKE-BISCUIT/632518549?banner_no=1305330,4.9
Delidge 1 pc Biscuits Chocolate Molds 8 block DIY Silicone Fudge Cake Decoration Molds Jelly Ice Ba,https://www.qoo10.sg/item/DELIDGE-1-PC-BISCUITS-CHOCOLATE-MOLDS-8-BLOCK-DIY-SILICONE-FUDGE/632518451?banner_no=1305330,8.96
Delidge 1 pc 3D Love Silicone Chocolate Molds Biscuits Chocolate Cookies Fondant Mould DIY Cake Dec,https://www.qoo10.sg/item/DELIDGE-1-PC-3D-LOVE-SILICONE-CHOCOLATE-MOLDS-BISCUITS-CHOCOLATE/632516950?banner_no=1305330,9.58
6 Cavities Silicone Cake Baking Pan， Square Soap Mold， Biscuit Chocolate Ice Cube Tray,https://www.qoo10.sg/item/6-CAVITIES-SILICONE-CAKE-BAKING-PAN%ef%bc%8c-SQUARE-SOAP-MOLD%ef%bc%8c-BISCUIT/632363542?banner_no=1305330,9.96
3pcs Cake Pen Nozzles Set Cupcake Biscuit Drawing Chocolate Muffin Decorating Tool Icing Piping Crea,https://www.qoo10.sg/item/3PCS-CAKE-PEN-NOZZLES-SET-CUPCAKE-BISCUIT-DRAWING-CHOCOLATE-MUFFIN/632362143?banner_no=1305330,7.76
New 20 grids cookies biscuit chocolate cake mould pudding baking pan silicone mold,https://www.qoo10.sg/item/NEW-20-GRIDS-COOKIES-BISCUIT-CHOCOLATE-CAKE-MOULD-PUDDING-BAKING/631352394?banner_no=1305330,15.5
Christmas Chocolate Biscuit Candy Molds Bakeware Party Decoration Cake Mould Baking Mold,https://www.qoo10.sg/item/CHRISTMAS-CHOCOLATE-BISCUIT-CANDY-MOLDS-BAKEWARE-PARTY-DECORATION/631073520?banner_no=1305330,7.5
cake DIY Cake Home mold Candy Garden Catlike Chocolate Biscuit biscuit Tools Silicone,https://www.qoo10.sg/item/CAKE-DIY-CAKE-HOME-MOLD-CANDY-GARDEN-CATLIKE-CHOCOLATE-BISCUIT/630873815?banner_no=1305330,6.1
Allforhome 6 Round Silicone Handmade Soap DIY Molds Biscuit Chocolate Cake Baking Mold Pan Muffin Cu,https://www.qoo10.sg/item/ALLFORHOME-6-ROUND-SILICONE-HANDMADE-SOAP-DIY-MOLDS-BISCUIT-CHOCOLATE/630873808?banner_no=1305330,15.1
Tree Bark Line Silicone Mold Cake Chocolate Fondant Biscuit Mould Christmas New Year Gift Cookies Pa,https://www.qoo10.sg/item/TREE-BARK-LINE-SILICONE-MOLD-CAKE-CHOCOLATE-FONDANT-BISCUIT-MOULD/627976522?banner_no=1305330,13.64
1PCS Cake Chocolate Mold Grid Shaped Plastic Printing Biscuits Cookies Cutter Embosser Fondant Gum P,https://www.qoo10.sg/item/1PCS-CAKE-CHOCOLATE-MOLD-GRID-SHAPED-PLASTIC-PRINTING-BISCUITS/627799378?banner_no=1305330,3.46
Pineapple Bread Mold Biscuits Cake Chocolate Cookies Cutter Fondant Mould Bread Embossing Moulds Kit,https://www.qoo10.sg/item/PINEAPPLE-BREAD-MOLD-BISCUITS-CAKE-CHOCOLATE-COOKIES-CUTTER-FONDANT/627798271?banner_no=1305330,3.08
Hot Sale Triangle Flag Cake Cookie Chocolate Tools Biscuit Cutter Baking Mold Sugarcraft Pastry Tool,https://www.qoo10.sg/item/HOT-SALE-TRIANGLE-FLAG-CAKE-COOKIE-CHOCOLATE-TOOLS-BISCUIT-CUTTER/627473936?banner_no=1305330,3.96
1pc 6-Cavity Heart Silicone Cake Pan 3D Baking Chocolate Biscuit Pudding Mold DIY Fondant Cake Decor,https://www.qoo10.sg/item/1PC-6-CAVITY-HEART-SILICONE-CAKE-PAN-3D-BAKING-CHOCOLATE-BISCUIT/627466788?banner_no=1305330,7.58
DIY handmade creative 3D house biscuit mold. Chocolate Molds Fondant cake Baking Mold cake tools P11,https://www.qoo10.sg/item/DIY-HANDMADE-CREATIVE-3D-HOUSE-BISCUIT-MOLD-CHOCOLATE-MOLDS-FONDANT/627463822?banner_no=1305330,7.6
Button Shape DIY Chocolate Ice Silicone Mold Biscuits Cookies Fondant Candy Cake Mould Cake Decorati,https://www.qoo10.sg/item/BUTTON-SHAPE-DIY-CHOCOLATE-ICE-SILICONE-MOLD-BISCUITS-COOKIES/627462438?banner_no=1305330,3.4
Hot Sale 16 Cute Duck Silicone Mold DIY Chocolate Ice Biscuit Candy Moulds,https://www.qoo10.sg/item/HOT-SALE-16-CUTE-DUCK-SILICONE-MOLD-DIY-CHOCOLATE-ICE-BISCUIT/627461958?banner_no=1305330,9.42
5pcs High Heel Shoes Silicone Chocolate Mould Biscuit Fondant Cake Mold Mould Decoration Tools E5M1,https://www.qoo10.sg/item/5PCS-HIGH-HEEL-SHOES-SILICONE-CHOCOLATE-MOULD-BISCUIT-FONDANT/627459909?banner_no=1305330,4.4
10 set Chocolate candy box biscuits nougat snack pillow box,https://www.qoo10.sg/item/10-SET-CHOCOLATE-CANDY-BOX-BISCUITS-NOUGAT-SNACK-PILLOW-BOX/626281819?banner_no=1305330,6.9
Delidge 1 pc 5 Star Fondant Biscuits Molds 3D Silicone Molds Chocolate Cookies Mould Cake Decorating,https://www.qoo10.sg/item/DELIDGE-1-PC-5-STAR-FONDANT-BISCUITS-MOLDS-3D-SILICONE-MOLDS/624501259?banner_no=1305330,10.34
2 Pcs/set DIY Baking Tools Chocolate Cutter Puzzles Biscuits Love Heart Shape Cookies Mould DIY Roma,https://www.qoo10.sg/item/2-PCS-SET-DIY-BAKING-TOOLS-CHOCOLATE-CUTTER-PUZZLES-BISCUITS/624428177?banner_no=1305330,2.68
Butterfly Bow Silicone Mold Cake Cookie Chocolate Fondant Pudding Biscuit Moulds Decoration DIY Cook,https://www.qoo10.sg/item/BUTTERFLY-BOW-SILICONE-MOLD-CAKE-COOKIE-CHOCOLATE-FONDANT-PUDDING/624427542?banner_no=1305330,3.71
Delidge 1 pc Love Fondant Biscuits Chocolate Cookies Molds 3D Silicone Molds DIY Cake Decorating Bak,https://www.qoo10.sg/item/DELIDGE-1-PC-LOVE-FONDANT-BISCUITS-CHOCOLATE-COOKIES-MOLDS-3D/624427051?banner_no=1305330,10.92
DIY 3PCS Embossed Little Boy Biscuit Mold Chocolate Plastic Baby Boy Cookie Cutter Fondant Cutter Mo,https://www.qoo10.sg/item/DIY-3PCS-EMBOSSED-LITTLE-BOY-BISCUIT-MOLD-CHOCOLATE-PLASTIC-BABY/624426713?banner_no=1305330,9.98
2 Vehicle Theme DIY Silicone Cake Mold Biscuit Chocolate Cookie Epoxy West Point Baking Mold,https://www.qoo10.sg/item/2-VEHICLE-THEME-DIY-SILICONE-CAKE-MOLD-BISCUIT-CHOCOLATE-COOKIE/622550592?banner_no=1305330,12
Funny Squash Anti-Stress Toy Silly Cartoon Chocolates Biscuits Charm Slow Rising Squeeze Stress Reli,https://www.qoo10.sg/item/FUNNY-SQUASH-ANTI-STRESS-TOY-SILLY-CARTOON-CHOCOLATES-BISCUITS/622025623?banner_no=1305330,4.99
Allforhome 6 Round Silicone Handmade Soap DIY Molds Biscuit Chocolate Cake Baking Mold Pan Muffin Cu,https://www.qoo10.sg/item/ALLFORHOME-6-ROUND-SILICONE-HANDMADE-SOAP-DIY-MOLDS-BISCUIT-CHOCOLATE/616585459?banner_no=1305330,14.8
Silicone Christmas Tree Cake Chocolate Jelly Biscuits Soap Mold DIY Baking Mould Kitchen Tool,https://www.qoo10.sg/item/SILICONE-CHRISTMAS-TREE-CAKE-CHOCOLATE-JELLY-BISCUITS-SOAP-MOLD/613607526?banner_no=1305330,18.4
New 20 grids cookies biscuit chocolate cake mould pudding baking pan silicone mold,https://www.qoo10.sg/item/NEW-20-GRIDS-COOKIES-BISCUIT-CHOCOLATE-CAKE-MOULD-PUDDING-BAKING/612051081?banner_no=1305330,15.5
Christmas Chocolate Biscuit Candy Molds Bakeware Party Decoration Cake Mould Baking Mold,https://www.qoo10.sg/item/CHRISTMAS-CHOCOLATE-BISCUIT-CANDY-MOLDS-BAKEWARE-PARTY-DECORATION/612047195?banner_no=1305330,7.5
Allforhome 6 Round Silicone Handmade Soap DIY Molds Biscuit Chocolate Cake Baking Mold Pan Muffin Cu,https://www.qoo10.sg/item/ALLFORHOME-6-ROUND-SILICONE-HANDMADE-SOAP-DIY-MOLDS-BISCUIT-CHOCOLATE/610840047?banner_no=1305330,21.6
Allforhome 6 Round Silicone Handmade Soap DIY Molds Biscuit Chocolate Cake Baking Mold Pan Muffin Cu,https://www.qoo10.sg/item/ALLFORHOME-6-ROUND-SILICONE-HANDMADE-SOAP-DIY-MOLDS-BISCUIT-CHOCOLATE/610837146?banner_no=1305330,21.6
Allforhome 6 Round Silicone Handmade Soap DIY Molds Biscuit Chocolate Cake Baking Mold Pan Muffin Cu,https://www.qoo10.sg/item/ALLFORHOME-6-ROUND-SILICONE-HANDMADE-SOAP-DIY-MOLDS-BISCUIT-CHOCOLATE/610836850?banner_no=1305330,21.6
Allforhome 6 Round Silicone Handmade Soap DIY Molds Biscuit Chocolate Cake Baking Mold Pan Muffin Cu,https://www.qoo10.sg/item/ALLFORHOME-6-ROUND-SILICONE-HANDMADE-SOAP-DIY-MOLDS-BISCUIT-CHOCOLATE/610833797?banner_no=1305330,21.6
Allforhome 6 Round Silicone Handmade Soap DIY Molds Biscuit Chocolate Cake Baking Mold Pan Muffin Cu,https://www.qoo10.sg/item/ALLFORHOME-6-ROUND-SILICONE-HANDMADE-SOAP-DIY-MOLDS-BISCUIT-CHOCOLATE/610833556?banner_no=1305330,21.6
Allforhome 6 Round Silicone Handmade Soap DIY Molds Biscuit Chocolate Cake Baking Mold Pan Muffin Cu,https://www.qoo10.sg/item/ALLFORHOME-6-ROUND-SILICONE-HANDMADE-SOAP-DIY-MOLDS-BISCUIT-CHOCOLATE/610832848?banner_no=1305330,21.6
Allforhome 6 Round Silicone Handmade Soap DIY Molds Biscuit Chocolate Cake Baking Mold Pan Muffin Cu,https://www.qoo10.sg/item/ALLFORHOME-6-ROUND-SILICONE-HANDMADE-SOAP-DIY-MOLDS-BISCUIT-CHOCOLATE/610829764?banner_no=1305330,21.6
cake DIY Cake Home mold Candy Garden Catlike Chocolate Biscuit & biscuit Tools Silicone,https://www.qoo10.sg/item/CAKE-DIY-CAKE-HOME-MOLD-CANDY-GARDEN-CATLIKE-CHOCOLATE-BISCUIT/610829433?banner_no=1305330,12.6
[BUNDLE OF 10] NISSIN LOVELY DOUBLE LAYER CHOCOLATE BISCUIT 10PKTS TOTAL,https://www.qoo10.sg/item/BUNDLE-OF-10-NISSIN-LOVELY-DOUBLE-LAYER-CHOCOLATE-BISCUIT-10PKTS/607947403?banner_no=1305330,27
Baking packaging self - styled biscuit bag food packaging bags chocolate gift bag large 14cm 100,https://www.qoo10.sg/item/BAKING-PACKAGING-SELF-STYLED-BISCUIT-BAG-FOOD-PACKAGING-BAGS/604635942?banner_no=1305330,3.8
[Lotte] chocolate cake cookie BINCH premium biscuit,https://www.qoo10.sg/item/LOTTE-CHOCOLATE-CAKE-COOKIE-BINCH-PREMIUM-BISCUIT/603063384?banner_no=1305330,8.9
1pcsBaked biscuit mold pineapple cake mold chocolate cake mold mousse circle cake DIY apparatus,https://www.qoo10.sg/item/1PCSBAKED-BISCUIT-MOLD-PINEAPPLE-CAKE-MOLD-CHOCOLATE-CAKE-MOLD/553279130?banner_no=1305330,4.28
50pcs Chocobom biscuit + chocolate,https://www.qoo10.sg/item/50PCS-CHOCOBOM-BISCUIT-CHOCOLATE/551799285?banner_no=1305330,29.9
DIY tile mold inserts transfer mold chocolate almond tile biscuit mold made almond cakes gadget,https://www.qoo10.sg/item/DIY-TILE-MOLD-INSERTS-TRANSFER-MOLD-CHOCOLATE-ALMOND-TILE-BISCUIT/551483486?banner_no=1305330,3.71
Free shipping Cake Biscuit Cookie Pastry Icing Decoration Syringe Chocolate Plate Pen Tool New,https://www.qoo10.sg/item/FREE-SHIPPING-CAKE-BISCUIT-COOKIE-PASTRY-ICING-DECORATION-SYRINGE/551134826?banner_no=1305330,7.95
Silicone Biscuit Pastry Syringe Cookies Cup Cake Cream Chocolate Decorating Pen Tools 10Pcs/Lot,https://www.qoo10.sg/item/SILICONE-BISCUIT-PASTRY-SYRINGE-COOKIES-CUP-CAKE-CREAM-CHOCOLATE/551134778?banner_no=1305330,27.75
Wholesale/retail ，Free shipping13* 9cm mug-up chocolate biscuit packaging bag pastry fruit lollipop,https://www.qoo10.sg/item/WHOLESALE-RETAIL-%ef%bc%8cFREE-SHIPPING13-9CM-MUG-UP-CHOCOLATE-BISCUIT/551133268?banner_no=1305330,16.65
6 Cavities square Silicone Soap Mold， Cake Baking Pan， Biscuit Chocolate Ice Cube Tray,https://www.qoo10.sg/item/6-CAVITIES-SQUARE-SILICONE-SOAP-MOLD%ef%bc%8c-CAKE-BAKING-PAN%ef%bc%8c-BISCUIT/551133201?banner_no=1305330,8.22
4Pcs/set Flower Pattern Fondant Cutters Cookie Biscuit Molds Chocolate Mould Mini Pastry Tools Bakew,https://www.qoo10.sg/item/4PCS-SET-FLOWER-PATTERN-FONDANT-CUTTERS-COOKIE-BISCUIT-MOLDS/551132878?banner_no=1305330,5.69
1 Set Cookies Cutter 28 letters of the alphabet chocolate biscuit mold Fondant mold biscuits printin,https://www.qoo10.sg/item/1-SET-COOKIES-CUTTER-28-LETTERS-OF-THE-ALPHABET-CHOCOLATE-BISCUIT/551131373?banner_no=1305330,21.69
Diy baking biscuits cake mould tools silica gel chocolate writing pen decorating pen,https://www.qoo10.sg/item/DIY-BAKING-BISCUITS-CAKE-MOULD-TOOLS-SILICA-GEL-CHOCOLATE-WRITING/551130690?banner_no=1305330,6.77
Hello kitty cute Japanese children chocolate biscuit cake jelly silicone baking molds mousse_Lovely,https://www.qoo10.sg/item/HELLO-KITTY-CUTE-JAPANESE-CHILDREN-CHOCOLATE-BISCUIT-CAKE-JELLY/550960415?banner_no=1305330,11.2
Special export trade with high simulation biscuits honey sandwich biscuits chocolate biscuits high s,https://www.qoo10.sg/item/SPECIAL-EXPORT-TRADE-WITH-HIGH-SIMULATION-BISCUITS-HONEY-SANDWICH/550797260?banner_no=1305330,15.5
Hello kitty cute Japanese children chocolate biscuit cake jelly silicone baking molds mousse,https://www.qoo10.sg/item/HELLO-KITTY-CUTE-JAPANESE-CHILDREN-CHOCOLATE-BISCUIT-CAKE-JELLY/550732911?banner_no=1305330,12.5
Silicone Stick Bottle Ice Cube Tray Strip Chocolate Ice Cylinder Biscuit Mold Baking Tools 1024,https://www.qoo10.sg/item/SILICONE-STICK-BOTTLE-ICE-CUBE-TRAY-STRIP-CHOCOLATE-ICE-CYLINDER/550561640?banner_no=1305330,4.68
Rabbit Duck Shaped Silicone Biscuit Chocolate Mold Tray (Coffee),https://www.qoo10.sg/item/RABBIT-DUCK-SHAPED-SILICONE-BISCUIT-CHOCOLATE-MOLD-TRAY-COFFEE/549306659?banner_no=1305330,14.39
Silicone Biscuit Chocolate Mold Tray (Coffee),https://www.qoo10.sg/item/SILICONE-BISCUIT-CHOCOLATE-MOLD-TRAY-COFFEE/547373404?banner_no=1305330,14.39
alphabet digital biscuit mold fondant cake mold chocolate mold cut India,https://www.qoo10.sg/item/ALPHABET-DIGITAL-BISCUIT-MOLD-FONDANT-CAKE-MOLD-CHOCOLATE-MOLD/540821900?banner_no=1305330,9.9
Silicone Biscuit Pastry Syringe Cookies Cup Cake Cream Chocolate Decorating Pen Tools 10Pcs/Lot,https://www.qoo10.sg/item/SILICONE-BISCUIT-PASTRY-SYRINGE-COOKIES-CUP-CAKE-CREAM-CHOCOLATE/540821739?banner_no=1305330,9.35
Wholesale/retail ，Free shipping13* 9cm mug-up chocolate biscuit packaging bag pastry fruit lollipop,https://www.qoo10.sg/item/WHOLESALE-RETAIL-%ef%bc%8cFREE-SHIPPING13-9CM-MUG-UP-CHOCOLATE-BISCUIT/540817602?banner_no=1305330,5.65
1 Set Cookies Cutter 28 letters of the alphabet chocolate biscuit mold Fondant mold biscuits printin,https://www.qoo10.sg/item/1-SET-COOKIES-CUTTER-28-LETTERS-OF-THE-ALPHABET-CHOCOLATE-BISCUIT/540817193?banner_no=1305330,7.33
Free shipping plastic transparent 6 macaron packaging box chocolate biscuit box baking pvc packaging,https://www.qoo10.sg/item/FREE-SHIPPING-PLASTIC-TRANSPARENT-6-MACARON-PACKAGING-BOX-CHOCOLATE/540816658?banner_no=1305330,11.38
Extra large baked biscuit bag toast bread cake candy chocolate rabbit ear snack bags of 50 pieces,https://www.qoo10.sg/item/EXTRA-LARGE-BAKED-BISCUIT-BAG-TOAST-BREAD-CAKE-CANDY-CHOCOLATE/531097732?banner_no=1305330,11.34
Silicone Stick Bottle Ice Cube Tray Strip Chocolate Ice Cylinder Biscuit Mold Baking Tools 1024,https://www.qoo10.sg/item/SILICONE-STICK-BOTTLE-ICE-CUBE-TRAY-STRIP-CHOCOLATE-ICE-CYLINDER/513030557?banner_no=1305330,4.09
Silicone Stick Bottle Ice Cube Tray Strip Chocolate Ice Cylinder Biscuit Mold Baking Tools 1024,https://www.qoo10.sg/item/SILICONE-STICK-BOTTLE-ICE-CUBE-TRAY-STRIP-CHOCOLATE-ICE-CYLINDER/499557927?banner_no=1305330,3.28
DIY tile mold inserts transfer mold chocolate almond tile biscuit mold made almond cakes gadget,https://www.qoo10.sg/item/DIY-TILE-MOLD-INSERTS-TRANSFER-MOLD-CHOCOLATE-ALMOND-TILE-BISCUIT/496253806?banner_no=1305330,3.7
★Biscuit Chocolate Case★iPhone 4 4S Galaxy S2 Case Cover/Unique Phone Case Cover/Cookie Snack Shape,https://www.qoo10.sg/item/BISCUIT-CHOCOLATE-CASE-IPHONE-4-4S-GALAXY-S2-CASE-COVER-UNIQUE/469729803?banner_no=1305330,7
Square chocolate dessert cake tin storage box biscuit box zakka tin three-piece,https://www.qoo10.sg/item/SQUARE-CHOCOLATE-DESSERT-CAKE-TIN-STORAGE-BOX-BISCUIT-BOX-ZAKKA/465138877?banner_no=1305330,8.7
DIY Silicone Cake Molds 18 Cavity Silicone Donut Mold Biscuits Chocolate Mold Home Baking Dessert Mo,https://www.qoo10.sg/item/DIY-SILICONE-CAKE-MOLDS-18-CAVITY-SILICONE-DONUT-MOLD-BISCUITS/678589634?banner_no=1305330,18
LOTTE Kancho Chocolate Filled Cookie Choco Biscuit 54g,https://www.qoo10.sg/item/LOTTE-KANCHO-CHOCOLATE-FILLED-COOKIE-CHOCO-BISCUIT-54G/678346642?banner_no=1305330,12.9
LOTTE Binch Original Half Chocolate Biscuit Snack 204g,https://www.qoo10.sg/item/LOTTE-BINCH-ORIGINAL-HALF-CHOCOLATE-BISCUIT-SNACK-204G/678345522?banner_no=1305330,12.9
APOLLO CASHEW NUT BISCUIT CHOCOLATE READY STOCK 500G,https://www.qoo10.sg/item/APOLLO-CASHEW-NUT-BISCUIT-CHOCOLATE-READY-STOCK-500G/678283910?banner_no=1305330,8.96
AUSTRALIA Arnotts Tim Tam Assorted Chocolate Biscuit,https://www.qoo10.sg/item/AUSTRALIA-ARNOTTS-TIM-TAM-ASSORTED-CHOCOLATE-BISCUIT/678283891?banner_no=1305330,10.17
belVita Chocolate Breakfast Biscuits - 5ct,https://www.qoo10.sg/item/BELVITA-BELVITA-CHOCOLATE-BREAKFAST-BISCUITS-5CT/678188242?banner_no=1305330,19.24
Chocolate Kawaii Leather Biscuits Pencil Bag Student Stationery Children Gifts School Supplies,https://www.qoo10.sg/item/CHOCOLATE-KAWAII-LEATHER-BISCUITS-PENCIL-BAG-STUDENT-STATIONERY/677764393?banner_no=1305330,11
1Pcs Chocolate Mold Biscuits Cake Mould Kitchen Gadgets Food Grade Baking Accessories Easy Cleaning,https://www.qoo10.sg/item/1PCS-CHOCOLATE-MOLD-BISCUITS-CAKE-MOULD-KITCHEN-GADGETS-FOOD/677599605?banner_no=1305330,13
LOTTE Binch Original Half Chocolate Biscuit Snack 204g,https://www.qoo10.sg/item/LOTTE-BINCH-ORIGINAL-HALF-CHOCOLATE-BISCUIT-SNACK-204G/677589700?banner_no=1305330,12.9
LOTTE Kancho Chocolate Filled Cookie Choco Biscuit 54g,https://www.qoo10.sg/item/LOTTE-KANCHO-CHOCOLATE-FILLED-COOKIE-CHOCO-BISCUIT-54G/677589682?banner_no=1305330,7.9
Tiger Energy Biscuits Chocolate (450g x 2) [Jumbo Pack],https://www.qoo10.sg/item/TIGER-ENERGY-BISCUITS-CHOCOLATE-450G-X-2-JUMBO-PACK/677562527?banner_no=1305330,14.97
Brooch / Couple Biscuit Chocolate Brooch Cute Accessories Creative Small Pin Personalized Bag,https://www.qoo10.sg/item/BROOCH-COUPLE-BISCUIT-CHOCOLATE-BROOCH-CUTE-ACCESSORIES-CREATIVE/677551511?banner_no=1305330,3.45
Chocolate / candy / biscuit / Korean confectionery,https://www.qoo10.sg/item/CHOCOLATE-CANDY-BISCUIT-KOREAN-CONFECTIONERY/677453283?banner_no=1305330,20
Chocolate / candy / biscuit / Korean confectionery,https://www.qoo10.sg/item/CHOCOLATE-CANDY-BISCUIT-KOREAN-CONFECTIONERY/677453282?banner_no=1305330,18
Cap Ping Pong Teddy Chocolate Biscuits 120g,https://www.qoo10.sg/item/CAP-PING-PONG-TEDDY-CHOCOLATE-BISCUITS-120G/676568643?banner_no=1305330,12.94
Munchys Lexus Chocolate Coated Cream Biscuit 20 Sachets (400g),https://www.qoo10.sg/item/MUNCHYS-LEXUS-CHOCOLATE-COATED-CREAM-BISCUIT-20-SACHETS-400G/676568031?banner_no=1305330,16.15
Packaging box / gift box chocolate box candy box biscuit box creative valentines day gift box,https://www.qoo10.sg/item/PACKAGING-BOX-GIFT-BOX-CHOCOLATE-BOX-CANDY-BOX-BISCUIT-BOX-CREATIVE/675656743?banner_no=1305330,3.14
Ingot Mould / Ingot Crisp Biscuit Mochi Golden Ingot Chocolate Pastry Jelly Fondant to Make Pudding,https://www.qoo10.sg/item/INGOT-MOULD-INGOT-CRISP-BISCUIT-MOCHI-GOLDEN-INGOT-CHOCOLATE/675547333?banner_no=1305330,4.4
Mold / Dinosaur Silicone Mold Dinosaur Chocolate Mold Baking Tool Dinosaur Age Biscuit Cake Mold,https://www.qoo10.sg/item/MOLD-DINOSAUR-SILICONE-MOLD-DINOSAUR-CHOCOLATE-MOLD-BAKING-TOOL/675510741?banner_no=1305330,3.99
"Mould / [26 English letters] [0-9] Digital biscuit mould, fondant cake mould, chocolate stamping",https://www.qoo10.sg/item/MOULD-26-ENGLISH-LETTERS-0-9-DIGITAL-BISCUIT-MOULD-FONDANT-CAKE/675449259?banner_no=1305330,4.25
Mould / Tile Biscuit Mould Chocolate Coconut Chips,https://www.qoo10.sg/item/MOULD-TILE-BISCUIT-MOULD-CHOCOLATE-COCONUT-CHIPS/675439499?banner_no=1305330,3.25
LOTTE Binch Original Half Chocolate Biscuit Snack 204g x 5p,https://www.qoo10.sg/item/LOTTE-BINCH-ORIGINAL-HALF-CHOCOLATE-BISCUIT-SNACK-204G-X-5P/674176983?banner_no=1305330,21.9
LOTTE Kancho Chocolate Filled Cookie Choco Biscuit 54g x 10p,https://www.qoo10.sg/item/LOTTE-KANCHO-CHOCOLATE-FILLED-COOKIE-CHOCO-BISCUIT-54G-X-10P/674123293?banner_no=1305330,21.5
"Belvita Breakfast Biscuits, Chocolate, 8.8 Ounce",https://www.qoo10.sg/item/BELVITA-BELVITA-BREAKFAST-BISCUITS-CHOCOLATE-8-8-OUNCE/673533065?banner_no=1305330,23
"Belvita Bites Breakfast Biscuits, Chocolate, 8.8 Ounce",https://www.qoo10.sg/item/BELVITA-BELVITA-BITES-BREAKFAST-BISCUITS-CHOCOLATE-8-8-OUNCE/673533031?banner_no=1305330,23
10pcs / Japanese couple biscuits / chocolate brooch / cute accessories / ins tide / female / creative small pin / personality / bag decoration,https://www.qoo10.sg/item/10PCS-JAPANESE-COUPLE-BISCUITS-CHOCOLATE-BROOCH-CUTE-ACCESSORIES/672762697?banner_no=1305330,10.3
5 pcs Chocolate stick gel pen set Fruit cake biscuit Black color ink pens Stationery items Office su,https://www.qoo10.sg/item/5-PCS-CHOCOLATE-STICK-GEL-PEN-SET-FRUIT-CAKE-BISCUIT-BLACK-COLOR/672075764?banner_no=1305330,11.41
shopping 1Pcs Eraser Chocolate Cake Strawberry Biscuit Cookie Modeling School Supplies Sandwich Pink,https://www.qoo10.sg/item/SHOPPING-1PCS-ERASER-CHOCOLATE-CAKE-STRAWBERRY-BISCUIT-COOKIE/671992732?banner_no=1305330,10.1
factory Eraser Chocolate Cake Strawberry Biscuit Cookie Modeling School Supplies Sandwich Pink Blue,https://www.qoo10.sg/item/FACTORY-ERASER-CHOCOLATE-CAKE-STRAWBERRY-BISCUIT-COOKIE-MODELING/671992374?banner_no=1305330,10.3
store 1Pcs Eraser Chocolate Cake Strawberry Biscuit Cookie Modeling School Supplies Sandwich Pink Bl,https://www.qoo10.sg/item/STORE-1PCS-ERASER-CHOCOLATE-CAKE-STRAWBERRY-BISCUIT-COOKIE-MODELING/671991854?banner_no=1305330,13.2
[Tiddieff]Cocoa dark truffle 80g of chocolate Chocolate / candy / biscuit / Korean confectionery,https://www.qoo10.sg/item/TIDDIEFF-COCOA-DARK-TRUFFLE-80G-OF-CHOCOLATE-CHOCOLATE-CANDY/671892454?banner_no=1305330,18
store 1Pcs Eraser Chocolate Cake Strawberry Biscuit Cookie Modeling School Supplies Sandwich Pink Bl,https://www.qoo10.sg/item/STORE-1PCS-ERASER-CHOCOLATE-CAKE-STRAWBERRY-BISCUIT-COOKIE-MODELING/671887561?banner_no=1305330,13.1
shop Eraser Chocolate Cake Strawberry Biscuit Cookie Modeling School Supplies Sandwich Pink Blue Bla,https://www.qoo10.sg/item/SHOP-ERASER-CHOCOLATE-CAKE-STRAWBERRY-BISCUIT-COOKIE-MODELING/671887394?banner_no=1305330,9.3
sale off 1Pcs Eraser Chocolate Cake Strawberry Biscuit Cookie Modeling School Supplies Sandwich Pink,https://www.qoo10.sg/item/SALE-OFF-1PCS-ERASER-CHOCOLATE-CAKE-STRAWBERRY-BISCUIT-COOKIE/671887372?banner_no=1305330,13.2
Simulated fruit and vegetable model chocolate biscuits pastry dessert decorated home toy model furni,https://www.qoo10.sg/item/SIMULATED-FRUIT-AND-VEGETABLE-MODEL-CHOCOLATE-BISCUITS-PASTRY/671592942?banner_no=1305330,9.56
discount 1Pcs Eraser Chocolate Cake Strawberry Biscuit Cookie Modeling School Supplies Sandwich Pink,https://www.qoo10.sg/item/DISCOUNT-1PCS-ERASER-CHOCOLATE-CAKE-STRAWBERRY-BISCUIT-COOKIE/671438186?banner_no=1305330,12.1
shopping Eraser Chocolate Cake Strawberry Biscuit Cookie Modeling School Supplies Sandwich Pink Blue,https://www.qoo10.sg/item/SHOPPING-ERASER-CHOCOLATE-CAKE-STRAWBERRY-BISCUIT-COOKIE-MODELING/671437750?banner_no=1305330,10.3
outlet 1Pcs Eraser Chocolate Cake Strawberry Biscuit Cookie Modeling School Supplies Sandwich Pink B,https://www.qoo10.sg/item/OUTLET-1PCS-ERASER-CHOCOLATE-CAKE-STRAWBERRY-BISCUIT-COOKIE-MODELING/671437636?banner_no=1305330,13.2
sale 1Pcs Eraser Chocolate Cake Strawberry Biscuit Cookie Modeling School Supplies Sandwich Pink Blu,https://www.qoo10.sg/item/SALE-1PCS-ERASER-CHOCOLATE-CAKE-STRAWBERRY-BISCUIT-COOKIE-MODELING/671436097?banner_no=1305330,11.5
factory 1Pcs Eraser Chocolate Cake Strawberry Biscuit Cookie Modeling School Supplies Sandwich Pink,https://www.qoo10.sg/item/FACTORY-1PCS-ERASER-CHOCOLATE-CAKE-STRAWBERRY-BISCUIT-COOKIE/671435812?banner_no=1305330,11.5
shop 1Pcs Eraser Chocolate Cake Strawberry Biscuit Cookie Modeling School Supplies Sandwich Pink Blu,https://www.qoo10.sg/item/SHOP-1PCS-ERASER-CHOCOLATE-CAKE-STRAWBERRY-BISCUIT-COOKIE-MODELING/671434678?banner_no=1305330,13.1
online 1Pcs Eraser Chocolate Cake Strawberry Biscuit Cookie Modeling School Supplies Sandwich Pink B,https://www.qoo10.sg/item/ONLINE-1PCS-ERASER-CHOCOLATE-CAKE-STRAWBERRY-BISCUIT-COOKIE-MODELING/671434296?banner_no=1305330,11.2
factory Eraser Chocolate Cake Strawberry Biscuit Cookie Modeling School Supplies Sandwich Pink Blue,https://www.qoo10.sg/item/FACTORY-ERASER-CHOCOLATE-CAKE-STRAWBERRY-BISCUIT-COOKIE-MODELING/671434253?banner_no=1305330,12.3
1Pcs Eraser Chocolate Cake Strawberry Biscuit Cookie Modeling School Supplies Sandwich Pink Blue Bla,https://www.qoo10.sg/item/1PCS-ERASER-CHOCOLATE-CAKE-STRAWBERRY-BISCUIT-COOKIE-MODELING/671404509?banner_no=1305330,11.1
online 1Pcs Eraser Chocolate Cake Strawberry Biscuit Cookie Modeling School Supplies Sandwich Pink B,https://www.qoo10.sg/item/ONLINE-1PCS-ERASER-CHOCOLATE-CAKE-STRAWBERRY-BISCUIT-COOKIE-MODELING/671404132?banner_no=1305330,10.5
discount Eraser Chocolate Cake Strawberry Biscuit Cookie Modeling School Supplies Sandwich Pink Blue,https://www.qoo10.sg/item/DISCOUNT-ERASER-CHOCOLATE-CAKE-STRAWBERRY-BISCUIT-COOKIE-MODELING/671404078?banner_no=1305330,9.3
new 1Pcs Eraser Chocolate Cake Strawberry Biscuit Cookie Modeling School Supplies Sandwich Pink Blue,https://www.qoo10.sg/item/NEW-1PCS-ERASER-CHOCOLATE-CAKE-STRAWBERRY-BISCUIT-COOKIE-MODELING/671403966?banner_no=1305330,12.2
sale 1Pcs Eraser Chocolate Cake Strawberry Biscuit Cookie Modeling School Supplies Sandwich Pink Blu,https://www.qoo10.sg/item/SALE-1PCS-ERASER-CHOCOLATE-CAKE-STRAWBERRY-BISCUIT-COOKIE-MODELING/671294749?banner_no=1305330,11.2
online 1Pcs Eraser Chocolate Cake Strawberry Biscuit Cookie Modeling School Supplies Sandwich Pink B,https://www.qoo10.sg/item/ONLINE-1PCS-ERASER-CHOCOLATE-CAKE-STRAWBERRY-BISCUIT-COOKIE-MODELING/671293228?banner_no=1305330,13.5
online 1Pcs Eraser Chocolate Cake Strawberry Biscuit Cookie Modeling School Supplies Sandwich Pink B,https://www.qoo10.sg/item/ONLINE-1PCS-ERASER-CHOCOLATE-CAKE-STRAWBERRY-BISCUIT-COOKIE-MODELING/671292082?banner_no=1305330,11.1
authentic Eraser Chocolate Cake Strawberry Biscuit Cookie Modeling School Supplies Sandwich Pink Blu,https://www.qoo10.sg/item/AUTHENTIC-ERASER-CHOCOLATE-CAKE-STRAWBERRY-BISCUIT-COOKIE-MODELING/671291680?banner_no=1305330,10.3
store 1Pcs Eraser Chocolate Cake Strawberry Biscuit Cookie Modeling School Supplies Sandwich Pink Bl,https://www.qoo10.sg/item/STORE-1PCS-ERASER-CHOCOLATE-CAKE-STRAWBERRY-BISCUIT-COOKIE-MODELING/671272891?banner_no=1305330,10.1
factory 1Pcs Eraser Chocolate Cake Strawberry Biscuit Cookie Modeling School Supplies Sandwich Pink,https://www.qoo10.sg/item/FACTORY-1PCS-ERASER-CHOCOLATE-CAKE-STRAWBERRY-BISCUIT-COOKIE/671272640?banner_no=1305330,11.5
shopping Eraser Chocolate Cake Strawberry Biscuit Cookie Modeling School Supplies Sandwich Pink Blue,https://www.qoo10.sg/item/SHOPPING-ERASER-CHOCOLATE-CAKE-STRAWBERRY-BISCUIT-COOKIE-MODELING/671272588?banner_no=1305330,11.3
online 1Pcs Eraser Chocolate Cake Strawberry Biscuit Cookie Modeling School Supplies Sandwich Pink B,https://www.qoo10.sg/item/ONLINE-1PCS-ERASER-CHOCOLATE-CAKE-STRAWBERRY-BISCUIT-COOKIE-MODELING/671272536?banner_no=1305330,12.2
PLAYLIMIT letter digital silicone mold diy baking mold silicone digital cake mold chocolate biscuit,https://www.qoo10.sg/item/PLAYLIMIT-LETTER-DIGITAL-SILICONE-MOLD-DIY-BAKING-MOLD-SILICONE/671236811?banner_no=1305330,18.42
sale 1Pcs Eraser Chocolate Cake Strawberry Biscuit Cookie Modeling School Supplies Sandwich Pink Blu,https://www.qoo10.sg/item/SALE-1PCS-ERASER-CHOCOLATE-CAKE-STRAWBERRY-BISCUIT-COOKIE-MODELING/670315464?banner_no=1305330,11.4
outlet 1Pcs Eraser Chocolate Cake Strawberry Biscuit Cookie Modeling School Supplies Sandwich Pink B,https://www.qoo10.sg/item/OUTLET-1PCS-ERASER-CHOCOLATE-CAKE-STRAWBERRY-BISCUIT-COOKIE-MODELING/670314112?banner_no=1305330,11.1
shop 1Pcs Eraser Chocolate Cake Strawberry Biscuit Cookie Modeling School Supplies Sandwich Pink Blu,https://www.qoo10.sg/item/SHOP-1PCS-ERASER-CHOCOLATE-CAKE-STRAWBERRY-BISCUIT-COOKIE-MODELING/670314015?banner_no=1305330,11
factory Eraser Chocolate Cake Strawberry Biscuit Cookie Modeling School Supplies Sandwich Pink Blue,https://www.qoo10.sg/item/FACTORY-ERASER-CHOCOLATE-CAKE-STRAWBERRY-BISCUIT-COOKIE-MODELING/670313588?banner_no=1305330,10.2
Eraser Chocolate Cake Strawberry Biscuit Cookie Modeling School Supplies Sandwich Pink Blue Black De,https://www.qoo10.sg/item/ERASER-CHOCOLATE-CAKE-STRAWBERRY-BISCUIT-COOKIE-MODELING-SCHOOL/669640469?banner_no=1305330,10.2
sale Eraser Chocolate Cake Strawberry Biscuit Cookie Modeling School Supplies Sandwich Pink Blue Bla,https://www.qoo10.sg/item/SALE-ERASER-CHOCOLATE-CAKE-STRAWBERRY-BISCUIT-COOKIE-MODELING/669564283?banner_no=1305330,10.2
my love Guitar Mold Clay Candy Chocolate Baking Bakery Bakery Chocolate Biscuits DIY Handmade Kitche,https://www.qoo10.sg/item/MY-LOVE-GUITAR-MOLD-CLAY-CANDY-CHOCOLATE-BAKING-BAKERY-BAKERY/667474134?banner_no=1305330,14.1
authentic chocolate mold biscuits Tray Black safe Big Giant King Size Silicone Ice Cube ice pudding,https://www.qoo10.sg/item/AUTHENTIC-CHOCOLATE-MOLD-BISCUITS-TRAY-BLACK-SAFE-BIG-GIANT-KING/666917360?banner_no=1305330,14.6
online chocolate mold biscuits Tray Black safe Big Giant King Size Silicone Ice Cube ice pudding cak,https://www.qoo10.sg/item/ONLINE-CHOCOLATE-MOLD-BISCUITS-TRAY-BLACK-SAFE-BIG-GIANT-KING/666917289?banner_no=1305330,14.2
factory chocolate mold biscuits Tray Black Big King Size Large Silicone Ice Cube Square ice pudding,https://www.qoo10.sg/item/FACTORY-CHOCOLATE-MOLD-BISCUITS-TRAY-BLACK-BIG-KING-SIZE-LARGE/666917264?banner_no=1305330,14.6
authentic chocolate mold biscuits Tray Black safe Big Giant King Size Silicone Ice Cube ice pudding,https://www.qoo10.sg/item/AUTHENTIC-CHOCOLATE-MOLD-BISCUITS-TRAY-BLACK-SAFE-BIG-GIANT-KING/666917119?banner_no=1305330,14.6
wholesale chocolate mold biscuits Tray Black safe Big Giant King Size Silicone Ice Cube ice pudding,https://www.qoo10.sg/item/WHOLESALE-CHOCOLATE-MOLD-BISCUITS-TRAY-BLACK-SAFE-BIG-GIANT-KING/666917117?banner_no=1305330,14.2
shop chocolate mold biscuits Tray Black Big King Size Large Silicone Ice Cube Square ice pudding cak,https://www.qoo10.sg/item/SHOP-CHOCOLATE-MOLD-BISCUITS-TRAY-BLACK-BIG-KING-SIZE-LARGE-SILICONE/666916672?banner_no=1305330,14.4
online chocolate mold biscuits Tray safe Big Giant King Size Large Silicone Ice Cube Square ice pudd,https://www.qoo10.sg/item/ONLINE-CHOCOLATE-MOLD-BISCUITS-TRAY-SAFE-BIG-GIANT-KING-SIZE/666916589?banner_no=1305330,14.4
wholesale chocolate mold biscuits Tray Black safe Big Giant King Size Silicone Ice Cube ice pudding,https://www.qoo10.sg/item/WHOLESALE-CHOCOLATE-MOLD-BISCUITS-TRAY-BLACK-SAFE-BIG-GIANT-KING/666916495?banner_no=1305330,14.4
outlet chocolate mold biscuits Tray Black safe Big Giant King Size Silicone Ice Cube ice pudding cak,https://www.qoo10.sg/item/OUTLET-CHOCOLATE-MOLD-BISCUITS-TRAY-BLACK-SAFE-BIG-GIANT-KING/666916071?banner_no=1305330,14.5
authentic chocolate mold biscuits Tray Black Big King Size Large Silicone Ice Cube Square ice puddin,https://www.qoo10.sg/item/AUTHENTIC-CHOCOLATE-MOLD-BISCUITS-TRAY-BLACK-BIG-KING-SIZE-LARGE/666916010?banner_no=1305330,14.5
authentic DIY handmade chocolate mold love jelly fun biscuits handmade soap ice cube silicone baking,https://www.qoo10.sg/item/AUTHENTIC-DIY-HANDMADE-CHOCOLATE-MOLD-LOVE-JELLY-FUN-BISCUITS/666915966?banner_no=1305330,16.8
DIY tile mold inserts transfer mold chocolate almond tile biscuit mold made almond cakes gadget,https://www.qoo10.sg/item/DIY-TILE-MOLD-INSERTS-TRANSFER-MOLD-CHOCOLATE-ALMOND-TILE-BISCUIT/663876077?banner_no=1305330,4.74
6 Cavities Silicone Doughnut Biscuit Molds Cake Chocolate Pudding Mould Mold,https://www.qoo10.sg/item/6-CAVITIES-SILICONE-DOUGHNUT-BISCUIT-MOLDS-CAKE-CHOCOLATE-PUDDING/663450725?banner_no=1305330,16.6
Baking packaging self - styled biscuit bag food packaging bags chocolate gift bag large 14cm 100,https://www.qoo10.sg/item/BAKING-PACKAGING-SELF-STYLED-BISCUIT-BAG-FOOD-PACKAGING-BAGS/661986054?banner_no=1305330,3.8
12packs/lot Mini Clay Sprinkles Fake Fruit Biscuit Chocolate DIY Simulation food Accessories Crafts,https://www.qoo10.sg/item/12PACKS-LOT-MINI-CLAY-SPRINKLES-FAKE-FRUIT-BISCUIT-CHOCOLATE/659823111?banner_no=1305330,20.9
