【Japan limited】【Made in Japan】 Nestle Japan Kitkat Mini Sakuramochi flavor Japan Food Sweets Chocolate Cherry Blossoms Sakura 【Direct from Japan】,/【Japan-limited】【Made-in-Japan】-Nestle-Japan-Kitkat-Mini-Sakuramochi-flavor-Japan-Food-Sweets-Chocolate-Cherry-Blossoms-Sakura-【Direct-from-Japan】-i.219170680.7919135878,9.62
EGO Swiss Roll - Chocolate Flavour,/EGO-Swiss-Roll-Chocolate-Flavour-i.195358651.4513193078,3.2
MILO UHT Chocolate Malt Packet Drink (24X200m),/MILO-UHT-Chocolate-Malt-Packet-Drink-(24X200m)-i.154589565.2378259795,19.9
[GoCheep] (11gx11Packs) Apollo Chocolate Wafer Stick Biscuit Snacks Chips Snacks Tidbits Crackers Sweet Snack RedTag,/-GoCheep-(11gx11Packs)-Apollo-Chocolate-Wafer-Stick-Biscuit-Snacks-Chips-Snacks-Tidbits-Crackers-Sweet-Snack-RedTag-i.229054296.7527749507,2.99
Shiroi Koibito dark and/or white chocolate variations,/Shiroi-Koibito-dark-and-or-white-chocolate-variations-i.135413827.2361208260,27.9
Mr.Ito LANGULY langue de chat 2020 spring limited flavor Macha (Vanilla/Chocolate) 12pcs イトウ製菓 ラングリー 抹茶･チョコレート･バニラ 12枚,/Mr.Ito-LANGULY-langue-de-chat-2020-spring-limited-flavor-Macha-(Vanilla-Chocolate)-12pcs-イトウ製菓-ラングリー-抹茶･チョコレート･バニラ-12枚-i.135413827.2473270012,8.2
[GoCheep] (18gx11Packs) Apollo Chocolate Layer Cake Biscuit Snacks Chips Snacks Tidbits Crackers Sweets Snack RedTag,/-GoCheep-(18gx11Packs)-Apollo-Chocolate-Layer-Cake-Biscuit-Snacks-Chips-Snacks-Tidbits-Crackers-Sweets-Snack-RedTag-i.229054296.3819184684,2.99
60g × Bundle of 6 Want Want Crunchy Chocolate Vanilla Wafer Roll,/60g-×-Bundle-of-6-Want-Want-Crunchy-Chocolate-Vanilla-Wafer-Roll-i.75536860.6026570374,8.5
Loacker Dark Chocolate Biscuit 125g,/Loacker-Dark-Chocolate-Biscuit-125g-i.16399179.2599409384,3.8
Lava Bites Hazelnut Biscuits (150g) all individually packed,/Lava-Bites-Hazelnut-Biscuits-(150g)-all-individually-packed-i.239522750.5623748897,3.5
【Made in Japan】 Bourbon Every Burger Japan food Sweets Biscuits Chocolate【Direct from Japan】,/【Made-in-Japan】-Bourbon-Every-Burger-Japan-food-Sweets-Biscuits-Chocolate【Direct-from-Japan】-i.219170680.6219259961,5.88
【Made in Japan】 Glico Pocky Extra Fine Japan food Sweets Biscuits Chocolate【Direct from Japan】,/【Made-in-Japan】-Glico-Pocky-Extra-Fine-Japan-food-Sweets-Biscuits-Chocolate【Direct-from-Japan】-i.219170680.6219259974,6.04
"【Japan limited】【Made in Japan】【New product released on June 1, 2020】Nestle Japan Kitkat Mini New Item [Citrus Mint][Salt Lychee][Salt Lemon] Japan Food Sweets Biscuits【Direct from Japan】",/【Japan-limited】【Made-in-Japan】【New-product-released-on-June-1-2020】Nestle-Japan-Kitkat-Mini-New-Item-Citrus-Mint-Salt-Lychee-Salt-Lemon-Japan-Food-Sweets-Biscuits【Direct-from-Japan】-i.219170680.4536365269,8.04
【Made in Japan】 Tohato Pokemon Snack Chocolate Flavor Japan Food Sweets Biscuits Snacks【Direct from Japan】,/【Made-in-Japan】-Tohato-Pokemon-Snack-Chocolate-Flavor-Japan-Food-Sweets-Biscuits-Snacks【Direct-from-Japan】-i.219170680.7636069037,5.37
【Made in Japan】 Morinaga Chocolate chip Cookies Japan food Sweets Biscuits【Direct from Japan】,/【Made-in-Japan】-Morinaga-Chocolate-chip-Cookies-Japan-food-Sweets-Biscuits【Direct-from-Japan】-i.219170680.5720837970,7.65
(12gx24packs) Apollo Wafer Milk Chocolate Cake Biscuit Snacks Chips Snacks Tidbits Crackers Sweets Redtag,/(12gx24packs)-Apollo-Wafer-Milk-Chocolate-Cake-Biscuit-Snacks-Chips-Snacks-Tidbits-Crackers-Sweets-Redtag-i.229054296.6531638746,2.99
【Made in Japan】 Kabaya small melon bread cookies melon bread & chocolate chip melon bread Japan food Sweets Biscuits【Direct from Japan】,/【Made-in-Japan】-Kabaya-small-melon-bread-cookies-melon-bread-chocolate-chip-melon-bread-Japan-food-Sweets-Biscuits【Direct-from-Japan】-i.219170680.6420236794,10.8
Manly Merlion Mocha And Chocolate Cookies 200g,/Manly-Merlion-Mocha-And-Chocolate-Cookies-200g-i.62656629.1028851115,11
【Made in Japan】 Lotte Koala March Strawberry Flavor Japan Food Sweets Biscuits Chocolate【Direct from Japan】,/【Made-in-Japan】-Lotte-Koala-March-Strawberry-Flavor-Japan-Food-Sweets-Biscuits-Chocolate【Direct-from-Japan】-i.219170680.4637548461,5.13
【Made in Japan】 Tohato Chocobi Chocolate Flavor Japan Food Sweets Biscuits Snacks【Direct from Japan】,/【Made-in-Japan】-Tohato-Chocobi-Chocolate-Flavor-Japan-Food-Sweets-Biscuits-Snacks【Direct-from-Japan】-i.219170680.6936069501,5.31
【Made in Japan】 Meito Lucky Lucky Red snapper Chocolate Japan food Sweets Biscuits【Direct from Japan】,/【Made-in-Japan】-Meito-Lucky-Lucky-Red-snapper-Chocolate-Japan-food-Sweets-Biscuits【Direct-from-Japan】-i.219170680.7519260531,4.48
Marshmallow chocolate sandwich biscuits badge S'mores graham cracker delicious dessert accessory,/Marshmallow-chocolate-sandwich-biscuits-badge-S'mores-graham-cracker-delicious-dessert-accessory-i.202084397.7608557934,3.92
【Made in Japan】 Bourbon Every Burger Japan food Sweets Biscuits Chocolate【Direct from Japan】,/【Made-in-Japan】-Bourbon-Every-Burger-Japan-food-Sweets-Biscuits-Chocolate【Direct-from-Japan】-i.219170680.6219259961,5.88
(50gx2packs) Yan Yan Chocolate Biscuit Snacks Chips Snacks Tidbits Crackers Sweets Snack Candy Nut Nuts RedTag,/(50gx2packs)-Yan-Yan-Chocolate-Biscuit-Snacks-Chips-Snacks-Tidbits-Crackers-Sweets-Snack-Candy-Nut-Nuts-RedTag-i.229054296.3734163608,2.99
[BG] Baking 3Pcs Hexagon Biscuit Chocolate Cookies Cake Decorative,/-BG-Baking-3Pcs-Hexagon-Biscuit-Chocolate-Cookies-Cake-Decorative-i.58548192.3632042221,1.92
DOREEN Biscuit Chocolate bakeware Mould Candy muffin pan,/DOREEN-Biscuit-Chocolate-bakeware-Mould-Candy-muffin-pan-i.54593630.3434906415,12.5
Hello Panda Chocolate Snacks [Bundle of 10] - BISCUITS,/Hello-Panda-Chocolate-Snacks-Bundle-of-10-BISCUITS-i.195275671.3432411191,15.5
ORI Breakfast Chocolate Biscuits 440g,/ORI-Breakfast-Chocolate-Biscuits-440g-i.159922947.3336722986,6.5
【Made in Japan】 Tohato Pokemon Snack Chocolate Flavor Japan Food Sweets Biscuits Snacks【Direct from Japan】,/【Made-in-Japan】-Tohato-Pokemon-Snack-Chocolate-Flavor-Japan-Food-Sweets-Biscuits-Snacks【Direct-from-Japan】-i.219170680.7636069037,5.37
【Made in Japan】 Tohato Pokemon Snack Chocolate Flavor Japan Food Sweets Biscuits Snacks【Direct from Japan】,/【Made-in-Japan】-Tohato-Pokemon-Snack-Chocolate-Flavor-Japan-Food-Sweets-Biscuits-Snacks【Direct-from-Japan】-i.219170680.7636069037,5.37
Ori Morning Chocolate Biscuits 440g,/Ori-Morning-Chocolate-Biscuits-440g-i.88209860.7034057987,6.5
【Made in Japan】Otsuka Calorie Mate Block Chocolate Flavor Japan food Sweets Balanced Balance Biscuits Cookie Cookies【Direct from Japan】,/【Made-in-Japan】Otsuka-Calorie-Mate-Block-Chocolate-Flavor-Japan-food-Sweets-Balanced-Balance-Biscuits-Cookie-Cookies【Direct-from-Japan】-i.219170680.6333322488,6.65
[BG] Baking 3Pcs Hexagon Biscuit Chocolate Cookies Cake Decorative,/-BG-Baking-3Pcs-Hexagon-Biscuit-Chocolate-Cookies-Cake-Decorative-i.58548192.3632042221,1.92
DOREEN Biscuit Chocolate bakeware Mould Candy muffin pan,/DOREEN-Biscuit-Chocolate-bakeware-Mould-Candy-muffin-pan-i.54593630.3434906415,12.5
